{"stats":{"minecraft:used":{"minecraft:wheat_seeds":2,"minecraft:sand":1},"minecraft:mined":{"minecraft:wheat":2,"minecraft:sand":1},"minecraft:custom":{"minecraft:jump":44,"minecraft:time_since_rest":1896,"minecraft:leave_game":1,"minecraft:sprint_one_cm":6347,"minecraft:play_time":1896,"minecraft:damage_taken":10,"minecraft:time_since_death":1896,"minecraft:walk_one_cm":9210,"minecraft:total_world_time":1896,"minecraft:interact_with_cartography_table":1,"minecraft:talked_to_villager":1,"minecraft:interact_with_crafting_table":1,"minecraft:fall_one_cm":896,"minecraft:fly_one_cm":8329},"minecraft:picked_up":{"minecraft:sand":1,"minecraft:wheat":2,"minecraft:wheat_seeds":5}},"DataVersion":3955}